epoch,train_loss,val_loss,macro_f1,accuracy,seconds
1,0.7967503295951393,0.6389297310511272,0.6638444346563566,0.6933333333333334,4.413373708724976
2,0.5684172590116431,0.6911823566754659,0.6361416361416361,0.66,3.4287142753601074
3,0.41586992676822226,0.5904631241162618,0.6974277926658878,0.7466666666666667,3.8110830783843994
4,0.3457999057982074,0.7930124815305074,0.5945254256147768,0.66,4.308884859085083
5,0.26023310640935843,0.7808220299084981,0.6610006124401613,0.7066666666666667,2.667868137359619
6,0.22898327883867814,0.9896407429377237,0.6157467681908444,0.66,2.8969995975494385
7,0.20327990652323366,0.8128884387016296,0.6757759784075574,0.7333333333333333,2.7038235664367676
8,0.15512057651335623,0.9351062138875326,0.6758573209892592,0.7466666666666667,2.6777665615081787
9,0.12349822813120408,0.9403278493881225,0.6645909079188262,0.6933333333333334,2.739274263381958
10,0.11886944765855874,1.111830013593038,0.6540398716236794,0.72,3.0180752277374268
11,0.09423992560320106,0.8265379166603088,0.7370026343536278,0.7533333333333333,2.8702445030212402
12,0.07370310781403384,0.7526833208401998,0.7175237390553706,0.7733333333333333,2.915874719619751
13,0.08509858249276206,1.0638641913731892,0.6491718426501035,0.7533333333333333,3.5829429626464844
14,0.09889029669927143,0.8720552627245585,0.7152051004450861,0.7666666666666667,4.312246799468994
15,0.07711903806617404,0.8453001844882965,0.7552766762721336,0.7933333333333333,3.1397578716278076
16,0.06773759655769972,0.8848904053370158,0.6836662458192128,0.7266666666666667,3.515817880630493
17,0.07938140978092786,0.9022894398371378,0.7241770475798952,0.7533333333333333,4.709011077880859
18,0.07569100736468479,0.857282444636027,0.7530710974690998,0.7933333333333333,3.9509592056274414
19,0.07364114262853162,0.7853925863901774,0.7308042276195144,0.78,5.691281080245972
20,0.04268538790907321,0.9493254105250041,0.7377369590860385,0.7933333333333333,3.50441575050354
21,0.03739920215287049,0.8210302178064982,0.776405051938824,0.8066666666666666,4.9665687084198
22,0.02531586321403439,0.8190115936597189,0.7233333333333333,0.78,4.367284059524536
23,0.03366892471566625,0.9989785234133403,0.6888701990468181,0.7666666666666667,4.182245492935181
24,0.04252030834436357,0.8628779832522074,0.7438740473846132,0.78,3.5782737731933594
25,0.04251908433398585,0.917514218489329,0.7252939698160126,0.7666666666666667,3.165771961212158
26,0.04996418087776301,0.9515160886446635,0.7170554123074796,0.7933333333333333,4.0321044921875
27,0.0429679969024694,1.051402759552002,0.7299626165324895,0.78,4.060030460357666
28,0.05303550637017315,0.9855665572484335,0.7272739741057714,0.78,3.324211359024048
29,0.02809713761987963,0.9844072373708089,0.6970315904139434,0.7466666666666667,3.392401695251465
30,0.04197551765520612,1.0967254082361857,0.7466519219035997,0.7866666666666666,4.170851469039917
31,0.07375254951163068,0.8651621071497599,0.7906695119813,0.8133333333333334,4.166286468505859
32,0.05095304519773413,0.82847554286321,0.7267093687297422,0.7666666666666667,3.3471872806549072
33,0.025572834110139997,0.9905894192059835,0.7253180362614325,0.78,2.9947707653045654
34,0.016902389401768435,0.9079553890228271,0.7576719576719576,0.8,2.9797072410583496
35,0.014159255512450087,0.860922212600708,0.7741941710094576,0.8066666666666666,3.337254524230957
36,0.01653020476653106,0.8285755626360576,0.7488991699146114,0.78,2.933366060256958
37,0.0173294900955186,0.9480912319819133,0.743861952464103,0.78,3.597917079925537
38,0.01875830202942538,1.0029000377655028,0.7175535340714102,0.7733333333333333,4.433695077896118
39,0.021888979226574415,1.0182619508107502,0.7329869145725922,0.7733333333333333,3.099323034286499
40,0.06118684527037918,1.1828854560852051,0.7659895440951533,0.8,2.920842409133911
41,0.04972662922440319,1.0360374959309895,0.7319641598711367,0.76,2.680102586746216
