epoch,train_loss,val_loss,dice,iou,seconds
1,1.0556650178738987,1.0431071559588114,0.6786035982767741,0.5514699649810791,150.7425458431244
2,0.8836572631828304,0.9744363641738891,0.7384440612792968,0.6289087994893392,138.0968415737152
3,0.8218812911793135,0.9235957996050517,0.7560456911722819,0.6463958358764649,144.08595967292786
4,0.7672431613279022,0.8646991419792175,0.7753819402058919,0.6684036064147949,147.19749069213867
5,0.7183723079377022,0.8580244477589926,0.7725276788075764,0.6637624073028564,153.82926487922668
6,0.6736648268196331,0.7814194329579671,0.8074059041341146,0.7108832041422526,141.90838956832886
7,0.6338232374596798,0.7304215550422668,0.8042964172363282,0.714016211827596,113.64640212059021
8,0.5998623598331568,0.74225958665212,0.7824265225728353,0.6798511759440105,117.46387672424316
9,0.5644281637137863,0.6372796289126078,0.8208163324991862,0.7299346129099528,112.40623879432678
10,0.5300772099449612,0.6528907330830892,0.7945990943908692,0.6959929466247559,115.37715530395508
11,0.4978808535224739,0.5901799694697062,0.8134217929840087,0.7220652929941813,113.0852267742157
12,0.470217823236808,0.5905027731259664,0.8109802055358887,0.7171135012308757,115.68252086639404
13,0.44463250558336953,0.5779986925919851,0.8122515233357748,0.7204008611043294,122.0996208190918
14,0.41694207150319507,0.5237315678596497,0.8211107794443766,0.7307337347666423,121.91167283058167
15,0.40382596142235966,0.4800102380911509,0.8143936983744303,0.7196510314941407,121.32118773460388
16,0.37852641667289216,0.460604696671168,0.8238732401529948,0.7389438279469808,119.58167386054993
17,0.367236683939981,0.4754458832740784,0.8188445154825846,0.7263323465983073,126.01812148094177
18,0.3463009630906218,0.4340020966529846,0.8357233015696207,0.7503668721516927,178.02044081687927
19,0.3308665506418733,0.43567511439323425,0.8258892186482747,0.7374166202545166,147.58378338813782
20,0.3177365104277889,0.40020338575045267,0.8401598580678304,0.7537461694081624,193.68300032615662
21,0.31248457912446975,0.42426709532737733,0.8287812455495198,0.7376107597351074,438.2756462097168
22,0.2982797118620374,0.4266436036427816,0.8318043677012126,0.7444002024332682,374.6658568382263
23,0.2950703682691947,0.3981217368443807,0.8307549953460693,0.7401392237345378,416.1351475715637
24,0.2811011730983533,0.41428374767303466,0.8308279450734456,0.7396521504720052,231.05280303955078
25,0.2812535818097829,0.405773545106252,0.8257788530985515,0.7363412284851074,140.05395078659058
26,0.272731094911374,0.4004126938184102,0.832883202234904,0.7451234912872314,133.10111832618713
27,0.2628617744972969,0.3808765010039012,0.8369906934102377,0.7528271102905273,159.99367785453796
28,0.25910335580905475,0.3757104726632436,0.8356329282124837,0.7505617841084798,126.08555126190186
29,0.2522633307393996,0.36904765327771505,0.8384493891398112,0.7553873666127523,114.37106347084045
30,0.24724197268426387,0.3781921005249023,0.8365980402628581,0.7502311325073242,297.4720239639282
31,0.252794926392549,0.3787395668029785,0.8387369791666667,0.7548682530721028,287.30303478240967
32,0.2405965395752581,0.38495664914449057,0.836595869064331,0.7521780141194662,404.5863721370697
33,0.24349377747474163,0.3624634838104248,0.8388462257385254,0.7508160495758056,268.60794401168823
34,0.23906602104822955,0.38906495571136473,0.8312564977010091,0.7429950300852458,128.09803318977356
35,0.23419010195659362,0.3576145037015279,0.8426130739847819,0.7591126632690429,173.70795440673828
36,0.23308150942859918,0.39340601245562234,0.8199776840209961,0.7308750406901041,19.473504066467285
37,0.22807222573443495,0.39421395301818846,0.8390204461415609,0.7544505627950032,9.944745063781738
38,0.23886379749402814,0.3447523562113444,0.847603104909261,0.7644661426544189,10.320006608963013
39,0.22443295492715631,0.362391623655955,0.8355575148264567,0.7490225950876872,9.993180274963379
40,0.22433852686501551,0.37454896251360575,0.8401543490091959,0.7535237248738607,9.978493928909302
41,0.2216692559119163,0.3464880649248759,0.8425747680664063,0.7596501127878825,10.13969612121582
42,0.2214531439462264,0.4141669782002767,0.8364733568827312,0.7526060231526692,10.276347637176514
43,0.2175277683691957,0.38931277990341184,0.8421594683329264,0.7554269123077393,10.234948635101318
44,0.22066673919700158,0.38072530666987103,0.8296424357096354,0.741210823059082,10.945039749145508
45,0.21462521124715028,0.36612541755040484,0.8432013511657714,0.7550935713450114,10.318434000015259
46,0.2107949615747348,0.3462311061223348,0.84196564356486,0.757154115041097,9.928518295288086
47,0.21486829986806033,0.35862915237744647,0.8441774241129557,0.7587123521169027,10.1670401096344
48,0.21051787693480242,0.3521143893400828,0.8436179765065511,0.7575961780548096,10.465445756912231
49,0.2102212376702482,0.3793245259920756,0.8359194310506185,0.7506003952026368,10.441248416900635
50,0.21263949936064797,0.3835430947939555,0.8352082506815592,0.7478963311513265,10.310125350952148
51,0.2169832147139797,0.33821386138598125,0.8434320576985677,0.75943941116333,10.181928634643555
52,0.20420960097267604,0.4169982894261678,0.825647751490275,0.7384604263305664,10.544102668762207
53,0.20762947094386788,0.3741149624188741,0.8367475001017253,0.7510406271616618,10.29929518699646
